{"is_source_file": false, "format": "", "description": "", "external_files": [], "external_methods": [], "published": [], "classes": [], "methods": [], "calls": [], "search-terms": [], "state": 2, "file_id": 8, "knowledge_revision": 13, "git_revision": "13ceb21a21d443bb43a6507c4a322a6c365010df", "hash": "1904099d5eb800a3ed6247acaa53cd06", "format-version": 4, "code-base-name": "strategy_game_database", "filename": "README.md", "revision_history": [{"13": "13ceb21a21d443bb43a6507c4a322a6c365010df"}]}