{"is_source_file": false, "format": "", "description": "", "external_files": [], "external_methods": [], "published": [], "classes": [], "methods": [], "calls": [], "search-terms": ["init_schema", "schema", "PostgreSQL", "SQL", "database setup"], "state": 2, "file_id": 3, "knowledge_revision": 12, "git_revision": "358e97957f5958c2e2e74729fed137e73b52ab77", "hash": "17ce430a8992ea71c1f360351ff593d6", "format-version": 4, "code-base-name": "strategy_game_database", "filename": "strategy_game_database/init_schema.sh", "revision_history": [{"12": "358e97957f5958c2e2e74729fed137e73b52ab77"}]}