{"is_source_file": true, "format": "bash", "description": "This script automatically detects and backs up different types of databases (SQLite, PostgreSQL, MySQL, MongoDB) running on the system by checking their presence and connectivity, then performs appropriate backup operations.", "external_files": ["/usr/lib/postgresql/", "/var/run/mysqld/mysqld.sock"], "external_methods": ["ls", "cp", "sudo -u postgres pg_isready", "sudo mysqladmin ping", "mysql -h", "mysqldump", "mongosh", "mongodump"], "published": [], "classes": [], "methods": [], "calls": ["ls", "cp", "sudo -u postgres pg_isready", "mysqladmin ping", "mysql", "mysqldump", "mongosh", "mongodump"], "search-terms": ["backup_script", "database_backup", "db_detection", "sqlite_backup", "postgresql_backup", "mysql_backup", "mongodb_backup"], "state": 2, "file_id": 2, "knowledge_revision": 14, "git_revision": "57e3e778884dff0e8752d9d42b22c7156cee5f2c", "hash": "7af9aa35fa4940f934d83f6e2621b732", "format-version": 4, "code-base-name": "strategy_game_database", "filename": "strategy_game_database/backup_db.sh", "revision_history": [{"14": "57e3e778884dff0e8752d9d42b22c7156cee5f2c"}]}