{"is_source_file": false, "format": "", "description": "", "external_files": [], "external_methods": [], "published": [], "classes": [], "methods": [], "calls": [], "search-terms": [], "state": 2, "file_id": 4, "knowledge_revision": 10, "git_revision": "57e3e778884dff0e8752d9d42b22c7156cee5f2c", "hash": "0c9f36dfd1a6dee9fa952c06ab7d9563", "format-version": 4, "code-base-name": "strategy_game_database", "filename": "strategy_game_database/db_visualizer/package.json", "revision_history": [{"10": "57e3e778884dff0e8752d9d42b22c7156cee5f2c"}]}