{"is_source_file": false, "format": "", "description": "", "external_files": [], "external_methods": [], "published": [], "classes": [], "methods": [], "calls": [], "search-terms": [], "state": 2, "file_id": 1, "knowledge_revision": 11, "git_revision": "57e3e778884dff0e8752d9d42b22c7156cee5f2c", "hash": "67505395c0df4c9c001ab8f47571f3fb", "format-version": 4, "code-base-name": "strategy_game_database", "filename": "strategy_game_database/restore_db.sh", "revision_history": [{"11": "57e3e778884dff0e8752d9d42b22c7156cee5f2c"}]}