{"is_source_file": true, "format": "bash/shell script", "description": "A startup script for initializing and managing a PostgreSQL database instance, including environment setup, server startup, user and schema configuration, and connection info generation.", "external_files": ["./init_schema.sh"], "external_methods": ["ls", "sudo", "pg_isready", "psql", "initdb", "pgrep", "createdb"], "published": [], "classes": [], "methods": [{"name": "run_schema_init", "description": "Initializes the database schema for the strategy game by calling an external shell script with environment variables."}], "calls": ["ls /usr/lib/postgresql/", "bash ./init_schema.sh", "sudo -u postgres ${PG_BIN}/pg_isready", "sudo -u postgres ${PG_BIN}/psql", "sudo -u postgres ${PG_BIN}/initdb", "sudo -u postgres ${PG_BIN}/postgres", "sudo -u postgres ${PG_BIN}/createdb", "sudo -u postgres ${PG_BIN}/psql", "\", \"\n\", \"gui", " "], "search-terms": ["PostgreSQL startup", "database initialization script", "schema setup", "pg_isready check", "user creation", "database creation", "schema permissions", "environment variables"], "state": 2, "file_id": 7, "knowledge_revision": 15, "git_revision": "358e97957f5958c2e2e74729fed137e73b52ab77", "hash": "69200aa72cc10d38963bfd8a1cd4acf7", "format-version": 4, "code-base-name": "strategy_game_database", "filename": "strategy_game_database/startup.sh", "revision_history": [{"15": "358e97957f5958c2e2e74729fed137e73b52ab77"}]}