{"is_source_file": true, "format": "HTML", "description": "This is an HTML file that serves as the front-end interface for a database visualizer web application. It includes styling and client-side JavaScript to list databases, tables, and display table data dynamically fetched from backend API endpoints.", "external_files": ["/api/databases", "/api/{db}/tables", "/api/{db}/tables/{tableName}/data"], "external_methods": ["fetch"], "published": [], "classes": [], "methods": [{"name": "loadDatabases", "description": "Fetches the list of databases from the server and displays them in the sidebar."}, {"name": "refreshDatabases", "description": "Refreshes the database list by reloading the database data from the server."}, {"name": "toggleDatabase", "description": "Expands or collapses a database to show its tables and loads table data on selection."}, {"name": "loadTables", "description": "Fetches and displays the list of tables for a selected database."}, {"name": "loadTableData", "description": "Fetches and displays data from the selected table."}, {"name": "renderTable", "description": "Renders a data table with rows and columns, including handling for wide content and object data."}, {"name": "renderCell", "description": "Generates HTML for individual table cell based on data type and length, including clickable for large or object data."}, {"name": "expandCell", "description": "Expands or collapses cell content for long text or objects for better view."}], "calls": ["fetch", "loadDatabases", "loadTables", "loadTableData", "renderTable", "expandCell"], "search-terms": ["HTML database viewer", "front-end database browser", "JavaScript fetch API", "interactive data table", "dynamic HTML table", "API endpoints for database schema", "client-side data rendering"], "state": 2, "file_id": 6, "knowledge_revision": 16, "git_revision": "57e3e778884dff0e8752d9d42b22c7156cee5f2c", "hash": "ee63333a4841bf025439c755a74c9881", "format-version": 4, "code-base-name": "strategy_game_database", "filename": "strategy_game_database/db_visualizer/public/index.html", "revision_history": [{"16": "57e3e778884dff0e8752d9d42b22c7156cee5f2c"}]}